,frame.time_epoch,frame.len,eth.src,eth.dst,ip.src,ip.dst,tcp.srcport,tcp.dstport,udp.srcport,udp.dstport,icmp.type,icmp.code,arp.opcode,arp.src.hw_mac,arp.src.proto_ipv4,arp.dst.hw_mac,arp.dst.proto_ipv4,ipv6.src,ipv6.dst,output
357039,1540451872.3083134,60,5,4,0,0,0.0,0.0,0.0,0.0,0.0,0.0,1.0,16,9,4,175,0,0,1
15385,1540446933.5245662,74,1,8,21,65,0.0,0.0,0.0,0.0,8.0,0.0,0.0,0,0,0,0,0,0,1
102759,1540450147.8947024,102,4,14,18,29,50389.0,80.0,0.0,0.0,3.0,0.0,0.0,0,0,0,0,0,0,1
52726,1540448321.521684,74,8,7,8,59,49138.0,80.0,0.0,0.0,0.0,0.0,0.0,0,0,0,0,0,0,0
169569,1540451089.633971,60,5,4,0,0,0.0,0.0,0.0,0.0,0.0,0.0,1.0,16,9,4,51,0,0,1
706205,1540453285.5452619,60,5,4,0,0,0.0,0.0,0.0,0.0,0.0,0.0,1.0,16,9,4,180,0,0,1
26018,1540447329.106889,86,3,7,20,54,0.0,0.0,1360.0,53.0,0.0,0.0,0.0,0,0,0,0,0,0,1
491966,1540452418.545442,60,5,4,0,0,0.0,0.0,0.0,0.0,0.0,0.0,1.0,16,9,4,84,0,0,1
605707,1540452879.784878,60,5,4,0,0,0.0,0.0,0.0,0.0,0.0,0.0,1.0,16,9,4,68,0,0,1
413994,1540452103.1235662,60,5,4,0,0,0.0,0.0,0.0,0.0,0.0,0.0,1.0,16,9,4,35,0,0,1
522094,1540452541.0567632,60,5,4,0,0,0.0,0.0,0.0,0.0,0.0,0.0,1.0,16,9,4,179,0,0,1
191193,1540451201.9810774,60,9,4,0,0,0.0,0.0,0.0,0.0,0.0,0.0,1.0,1,1,4,167,0,0,1
236842,1540451386.095722,60,5,4,0,0,0.0,0.0,0.0,0.0,0.0,0.0,1.0,16,9,4,105,0,0,1
730869,1540453385.1815429,60,5,4,0,0,0.0,0.0,0.0,0.0,0.0,0.0,1.0,16,9,4,204,0,0,1
419217,1540452123.900998,60,5,4,0,0,0.0,0.0,0.0,0.0,0.0,0.0,1.0,16,9,4,107,0,0,1
123961,1540450878.461912,60,5,4,0,0,0.0,0.0,0.0,0.0,0.0,0.0,1.0,16,9,4,120,0,0,1
541410,1540452619.090251,60,5,4,0,0,0.0,0.0,0.0,0.0,0.0,0.0,1.0,16,9,4,141,0,0,1
393682,1540452020.98949,60,5,4,0,0,0.0,0.0,0.0,0.0,0.0,0.0,1.0,16,9,4,160,0,0,1
278569,1540451554.29857,82,10,7,4,33,0.0,0.0,32761.0,10240.0,0.0,0.0,0.0,0,0,0,0,0,0,1
217545,1540451308.4669259,60,5,4,0,0,0.0,0.0,0.0,0.0,0.0,0.0,1.0,16,9,4,223,0,0,1
438916,1540452203.7752461,60,5,4,0,0,0.0,0.0,0.0,0.0,0.0,0.0,1.0,16,9,4,87,0,0,1
48764,1540448174.5308418,102,4,14,18,29,49039.0,80.0,0.0,0.0,3.0,0.0,0.0,0,0,0,0,0,0,1
135548,1540450935.5342462,60,5,4,0,0,0.0,0.0,0.0,0.0,0.0,0.0,1.0,16,9,4,33,0,0,1
707755,1540453291.8355632,60,5,4,0,0,0.0,0.0,0.0,0.0,0.0,0.0,1.0,16,9,4,204,0,0,1
681936,1540453187.895634,60,5,4,0,0,0.0,0.0,0.0,0.0,0.0,0.0,1.0,16,9,4,52,0,0,1
367279,1540451913.8252132,60,5,4,0,0,0.0,0.0,0.0,0.0,0.0,0.0,1.0,16,9,4,1,0,0,0
83048,1540449416.297294,82,10,7,4,53,0.0,0.0,32761.0,10240.0,0.0,0.0,0.0,0,0,0,0,0,0,1
746253,1540453447.360841,60,5,4,0,0,0.0,0.0,0.0,0.0,0.0,0.0,1.0,16,9,4,111,0,0,1
415188,1540452107.511395,102,4,20,18,13,54191.0,21047.0,0.0,0.0,3.0,0.0,0.0,0,0,0,0,0,0,1
495247,1540452431.9327805,60,5,4,0,0,0.0,0.0,0.0,0.0,0.0,0.0,1.0,16,9,4,190,0,0,1
589452,1540452813.98975,60,5,4,0,0,0.0,0.0,0.0,0.0,0.0,0.0,1.0,16,9,4,77,0,0,0
725250,1540453362.3817012,60,5,4,0,0,0.0,0.0,0.0,0.0,0.0,0.0,1.0,16,9,4,70,0,0,1
573434,1540452748.770586,60,5,4,0,0,0.0,0.0,0.0,0.0,0.0,0.0,1.0,16,9,4,83,0,0,1
651208,1540453063.465123,60,5,4,0,0,0.0,0.0,0.0,0.0,0.0,0.0,1.0,16,9,4,25,0,0,0
276581,1540451546.130745,60,5,29,9,4,21897.0,23.0,0.0,0.0,0.0,0.0,0.0,0,0,0,0,0,0,1
113525,1540450541.664459,74,14,7,16,58,42688.0,8080.0,0.0,0.0,0.0,0.0,0.0,0,0,0,0,0,0,1
579055,1540452771.776119,60,5,4,0,0,0.0,0.0,0.0,0.0,0.0,0.0,1.0,16,9,4,166,0,0,1
264564,1540451498.0081027,60,5,4,0,0,0.0,0.0,0.0,0.0,0.0,0.0,1.0,16,9,4,128,0,0,1
635125,1540452998.802178,60,5,4,0,0,0.0,0.0,0.0,0.0,0.0,0.0,1.0,16,9,4,130,0,0,1
492128,1540452419.3725948,60,5,4,0,0,0.0,0.0,0.0,0.0,0.0,0.0,1.0,16,9,4,58,0,0,1
714906,1540453320.801369,60,5,4,0,0,0.0,0.0,0.0,0.0,0.0,0.0,1.0,16,9,4,197,0,0,1
545906,1540452637.649844,60,5,4,0,0,0.0,0.0,0.0,0.0,0.0,0.0,1.0,16,9,4,29,0,0,1
187676,1540451187.4577544,60,5,4,0,0,0.0,0.0,0.0,0.0,0.0,0.0,1.0,16,9,4,216,0,0,1
307586,1540451672.1862428,74,8,7,8,59,51438.0,80.0,0.0,0.0,0.0,0.0,0.0,0,0,0,0,0,0,1
739507,1540453420.3880198,60,5,4,0,0,0.0,0.0,0.0,0.0,0.0,0.0,1.0,16,9,4,127,0,0,1
607673,1540452887.8877661,60,5,4,0,0,0.0,0.0,0.0,0.0,0.0,0.0,1.0,16,9,4,28,0,0,0
120221,1540450791.214081,70,5,7,9,1,0.0,0.0,47236.0,53.0,0.0,0.0,0.0,0,0,0,0,0,0,1
592203,1540452824.947337,73,7,7,12,1,0.0,0.0,3130.0,53.0,0.0,0.0,0.0,0,0,0,0,0,0,1
259608,1540451478.1312268,90,7,7,12,75,0.0,0.0,23091.0,32100.0,0.0,0.0,0.0,0,0,0,0,0,0,1
172812,1540451102.878162,60,5,4,0,0,0.0,0.0,0.0,0.0,0.0,0.0,1.0,16,9,4,86,0,0,1
219828,1540451317.067141,60,5,4,0,0,0.0,0.0,0.0,0.0,0.0,0.0,1.0,16,9,4,92,0,0,1
352384,1540451853.692931,60,5,4,0,0,0.0,0.0,0.0,0.0,0.0,0.0,1.0,16,9,4,201,0,0,1
747150,1540453451.353341,60,5,4,0,0,0.0,0.0,0.0,0.0,0.0,0.0,1.0,16,9,4,211,0,0,1
603881,1540452872.384922,60,5,4,0,0,0.0,0.0,0.0,0.0,0.0,0.0,1.0,16,9,4,3,0,0,1
530884,1540452576.46642,60,5,4,0,0,0.0,0.0,0.0,0.0,0.0,0.0,1.0,16,9,4,231,0,0,0
486666,1540452396.759208,60,5,4,0,0,0.0,0.0,0.0,0.0,0.0,0.0,1.0,16,9,4,197,0,0,1
407061,1540452074.996495,60,5,4,0,0,0.0,0.0,0.0,0.0,0.0,0.0,1.0,16,9,4,162,0,0,1
558303,1540452687.6743069,60,5,4,0,0,0.0,0.0,0.0,0.0,0.0,0.0,1.0,16,9,4,223,0,0,1
388603,1540452000.1979358,60,5,4,0,0,0.0,0.0,0.0,0.0,0.0,0.0,1.0,16,9,4,63,0,0,1
693527,1540453234.68299,60,5,4,0,0,0.0,0.0,0.0,0.0,0.0,0.0,1.0,16,9,4,73,0,0,1
502341,1540452460.957886,60,5,4,0,0,0.0,0.0,0.0,0.0,0.0,0.0,1.0,16,9,4,67,0,0,1
754013,1540453478.4198668,60,5,4,0,0,0.0,0.0,0.0,0.0,0.0,0.0,1.0,16,9,4,57,0,0,1
324558,1540451740.7754724,60,5,4,0,0,0.0,0.0,0.0,0.0,0.0,0.0,1.0,16,9,4,75,0,0,0
62429,1540448667.8052769,82,10,7,4,53,0.0,0.0,32761.0,10240.0,0.0,0.0,0.0,0,0,0,0,0,0,1
285056,1540451580.9893012,60,5,4,0,0,0.0,0.0,0.0,0.0,0.0,0.0,1.0,16,9,4,76,0,0,1
748169,1540453454.8081956,60,5,4,0,0,0.0,0.0,0.0,0.0,0.0,0.0,1.0,16,9,4,106,0,0,1
461668,1540452295.9418876,60,5,4,0,0,0.0,0.0,0.0,0.0,0.0,0.0,1.0,16,9,4,115,0,0,1
494856,1540452429.9176948,60,5,4,0,0,0.0,0.0,0.0,0.0,0.0,0.0,1.0,16,9,4,15,0,0,1
567191,1540452723.768022,60,5,4,0,0,0.0,0.0,0.0,0.0,0.0,0.0,1.0,16,9,4,189,0,0,1
605332,1540452878.446792,60,5,4,0,0,0.0,0.0,0.0,0.0,0.0,0.0,1.0,16,9,4,35,0,0,1
681920,1540453187.867152,60,5,4,0,0,0.0,0.0,0.0,0.0,0.0,0.0,1.0,16,9,4,241,0,0,0
244169,1540451415.4819582,60,5,4,0,0,0.0,0.0,0.0,0.0,0.0,0.0,1.0,16,9,4,223,0,0,1
151661,1540451017.768322,60,5,4,0,0,0.0,0.0,0.0,0.0,0.0,0.0,1.0,16,9,4,221,0,0,1
125198,1540450883.27506,86,4,16,18,24,15095.0,8280.0,0.0,0.0,3.0,0.0,0.0,0,0,0,0,0,0,1
29696,1540447466.306775,82,10,7,4,33,0.0,0.0,32761.0,10240.0,0.0,0.0,0.0,0,0,0,0,0,0,0
638921,1540453014.245032,60,5,4,0,0,0.0,0.0,0.0,0.0,0.0,0.0,1.0,16,9,4,108,0,0,0
723732,1540453356.142023,118,4,12,18,67,0.0,0.0,11304.0,32100.0,3.0,0.0,0.0,0,0,0,0,0,0,1
57039,1540448477.806001,86,3,7,20,54,0.0,0.0,1500.0,53.0,0.0,0.0,0.0,0,0,0,0,0,0,1
272897,1540451531.507166,60,5,4,0,0,0.0,0.0,0.0,0.0,0.0,0.0,1.0,16,9,4,8,0,0,1
559071,1540452690.696528,60,5,4,0,0,0.0,0.0,0.0,0.0,0.0,0.0,1.0,16,9,4,225,0,0,1
116479,1540450652.2698376,77,15,7,19,54,0.0,0.0,1401.0,53.0,0.0,0.0,0.0,0,0,0,0,0,0,1
496944,1540452439.101726,60,5,4,0,0,0.0,0.0,0.0,0.0,0.0,0.0,1.0,16,9,4,138,0,0,1
506966,1540452479.385918,74,14,7,16,11,36913.0,443.0,0.0,0.0,0.0,0.0,0.0,0,0,0,0,0,0,1
124696,1540450881.518755,60,5,4,0,0,0.0,0.0,0.0,0.0,0.0,0.0,1.0,16,9,4,252,0,0,0
608396,1540452890.87745,60,5,4,0,0,0.0,0.0,0.0,0.0,0.0,0.0,1.0,16,9,4,159,0,0,1
159135,1540451047.333138,74,5,1,9,76,0.0,0.0,0.0,0.0,0.0,0.0,0.0,0,0,0,0,0,0,0
652974,1540453070.7275438,83,5,7,9,1,0.0,0.0,34989.0,53.0,0.0,0.0,0.0,0,0,0,0,0,0,1
3764,1540446514.801358,82,10,7,4,59,0.0,0.0,32761.0,10240.0,0.0,0.0,0.0,0,0,0,0,0,0,1
333119,1540451775.0829198,60,5,4,0,0,0.0,0.0,0.0,0.0,0.0,0.0,1.0,16,9,4,243,0,0,1
356060,1540451868.1729212,60,5,4,0,0,0.0,0.0,0.0,0.0,0.0,0.0,1.0,16,9,4,58,0,0,1
135528,1540450935.506383,60,5,4,0,0,0.0,0.0,0.0,0.0,0.0,0.0,1.0,16,9,4,28,0,0,1
414806,1540452106.1805892,60,5,4,0,0,0.0,0.0,0.0,0.0,0.0,0.0,1.0,16,9,4,103,0,0,1
710850,1540453304.9950411,60,5,4,0,0,0.0,0.0,0.0,0.0,0.0,0.0,1.0,16,9,4,211,0,0,1
295577,1540451623.5145402,60,5,4,0,0,0.0,0.0,0.0,0.0,0.0,0.0,1.0,16,9,4,116,0,0,1
69242,1540448912.29821,86,4,16,18,24,9295.0,80.0,0.0,0.0,3.0,0.0,0.0,0,0,0,0,0,0,1
502004,1540452459.0973392,60,5,4,0,0,0.0,0.0,0.0,0.0,0.0,0.0,1.0,16,9,4,249,0,0,1
6792,1540446619.647569,82,14,7,16,33,0.0,0.0,50861.0,10240.0,0.0,0.0,0.0,0,0,0,0,0,0,1
7194,1540446633.4830668,590,6,4,17,36,0.0,0.0,68.0,67.0,0.0,0.0,0.0,0,0,0,0,0,0,1
84071,1540449453.799865,110,4,16,18,24,0.0,0.0,32761.0,10240.0,3.0,0.0,0.0,0,0,0,0,0,0,1
119784,1540450776.739856,60,2,5,0,0,0.0,0.0,0.0,0.0,0.0,0.0,0.0,0,0,0,0,0,0,1
513546,1540452506.0159948,60,5,1,9,76,21897.0,23.0,0.0,0.0,0.0,0.0,0.0,0,0,0,0,0,0,1
650728,1540453062.101041,60,5,4,0,0,0.0,0.0,0.0,0.0,0.0,0.0,1.0,16,9,4,157,0,0,1
71943,1540449007.366778,84,15,7,19,54,0.0,0.0,4250.0,53.0,0.0,0.0,0.0,0,0,0,0,0,0,1
274305,1540451537.4921188,60,5,4,0,0,0.0,0.0,0.0,0.0,0.0,0.0,1.0,16,9,4,4,0,0,1
460939,1540452292.907369,60,5,4,0,0,0.0,0.0,0.0,0.0,0.0,0.0,1.0,16,9,4,153,0,0,1
480608,1540452372.69784,60,5,4,0,0,0.0,0.0,0.0,0.0,0.0,0.0,1.0,16,9,4,75,0,0,1
335841,1540451786.3386939,60,5,4,0,0,0.0,0.0,0.0,0.0,0.0,0.0,1.0,16,9,4,151,0,0,1
238501,1540451393.221617,60,5,4,0,0,0.0,0.0,0.0,0.0,0.0,0.0,1.0,16,9,4,151,0,0,1
657151,1540453088.0166569,60,5,4,0,0,0.0,0.0,0.0,0.0,0.0,0.0,1.0,16,9,4,243,0,0,1
244996,1540451419.2485974,60,5,4,0,0,0.0,0.0,0.0,0.0,0.0,0.0,1.0,16,9,4,19,0,0,1
357139,1540451872.4849699,60,5,4,0,0,0.0,0.0,0.0,0.0,0.0,0.0,1.0,16,9,4,130,0,0,1
748347,1540453455.654624,60,5,4,0,0,0.0,0.0,0.0,0.0,0.0,0.0,1.0,16,9,4,118,0,0,1
576497,1540452761.316589,82,14,7,16,11,0.0,0.0,50861.0,10240.0,0.0,0.0,0.0,0,0,0,0,0,0,1
668488,1540453133.805613,60,5,4,0,0,0.0,0.0,0.0,0.0,0.0,0.0,1.0,16,9,4,32,0,0,1
409203,1540452083.3664348,60,5,4,0,0,0.0,0.0,0.0,0.0,0.0,0.0,1.0,16,9,4,85,0,0,1
762368,1540453511.889745,70,5,7,9,1,0.0,0.0,56928.0,53.0,0.0,0.0,0.0,0,0,0,0,0,0,0
564809,1540452713.8170938,82,10,7,4,53,0.0,0.0,32761.0,10240.0,0.0,0.0,0.0,0,0,0,0,0,0,1
523984,1540452548.3408554,60,5,4,0,0,0.0,0.0,0.0,0.0,0.0,0.0,1.0,16,9,4,147,0,0,1
618443,1540452931.5168679,60,5,4,0,0,0.0,0.0,0.0,0.0,0.0,0.0,1.0,16,9,4,225,0,0,1
269280,1540451516.8860724,60,5,4,0,0,0.0,0.0,0.0,0.0,0.0,0.0,1.0,16,9,4,178,0,0,1
644388,1540453036.4279964,60,5,4,0,0,0.0,0.0,0.0,0.0,0.0,0.0,1.0,16,9,4,166,0,0,1
327560,1540451753.120284,60,5,4,0,0,0.0,0.0,0.0,0.0,0.0,0.0,1.0,16,9,4,249,0,0,1
246313,1540451424.5124724,60,5,4,0,0,0.0,0.0,0.0,0.0,0.0,0.0,1.0,16,9,4,66,0,0,1
764080,1540453519.1173315,60,5,4,0,0,0.0,0.0,0.0,0.0,0.0,0.0,1.0,16,9,4,127,0,0,1
12343,1540446818.578927,74,8,7,8,37,49274.0,80.0,0.0,0.0,0.0,0.0,0.0,0,0,0,0,0,0,0
311588,1540451688.195914,60,5,4,0,0,0.0,0.0,0.0,0.0,0.0,0.0,1.0,16,9,4,125,0,0,1
123137,1540450875.236665,60,5,4,0,0,0.0,0.0,0.0,0.0,0.0,0.0,1.0,16,9,4,211,0,0,1
214103,1540451294.2321026,86,3,7,20,54,0.0,0.0,1847.0,53.0,0.0,0.0,0.0,0,0,0,0,0,0,1
675862,1540453163.0751555,60,5,4,0,0,0.0,0.0,0.0,0.0,0.0,0.0,1.0,16,9,4,89,0,0,1
631256,1540452983.3830106,60,5,4,0,0,0.0,0.0,0.0,0.0,0.0,0.0,1.0,16,9,4,112,0,0,1
588686,1540452810.94147,74,1,8,21,65,0.0,0.0,0.0,0.0,8.0,0.0,0.0,0,0,0,0,0,0,0
284000,1540451576.08425,60,18,8,3,65,23.0,21897.0,0.0,0.0,0.0,0.0,0.0,0,0,0,0,0,0,1
182121,1540451165.518004,60,5,4,0,0,0.0,0.0,0.0,0.0,0.0,0.0,1.0,16,9,4,45,0,0,1
259121,1540451476.1957958,60,5,4,0,0,0.0,0.0,0.0,0.0,0.0,0.0,1.0,16,9,4,160,0,0,1
627517,1540452967.8057652,60,5,4,0,0,0.0,0.0,0.0,0.0,0.0,0.0,1.0,16,9,4,106,0,0,1
49434,1540448200.3606682,73,15,7,19,54,0.0,0.0,3700.0,53.0,0.0,0.0,0.0,0,0,0,0,0,0,1
681331,1540453185.793351,60,5,4,0,0,0.0,0.0,0.0,0.0,0.0,0.0,1.0,16,9,4,57,0,0,0
527793,1540452564.080818,60,5,4,0,0,0.0,0.0,0.0,0.0,0.0,0.0,1.0,16,9,4,139,0,0,1
421107,1540452131.150365,60,5,4,0,0,0.0,0.0,0.0,0.0,0.0,0.0,1.0,16,9,4,242,0,0,1
42583,1540447942.395296,82,9,7,1,63,0.0,0.0,46818.0,53.0,0.0,0.0,0.0,0,0,0,0,0,0,1
594761,1540452835.723973,60,5,4,0,0,0.0,0.0,0.0,0.0,0.0,0.0,1.0,16,9,4,129,0,0,1
588474,1540452810.024343,60,5,4,0,0,0.0,0.0,0.0,0.0,0.0,0.0,1.0,16,9,4,150,0,0,1
217123,1540451306.53104,60,5,4,0,0,0.0,0.0,0.0,0.0,0.0,0.0,1.0,16,9,4,48,0,0,1
174321,1540451108.799579,82,10,7,4,69,0.0,0.0,32761.0,10240.0,0.0,0.0,0.0,0,0,0,0,0,0,0
550150,1540452654.422762,60,5,4,0,0,0.0,0.0,0.0,0.0,0.0,0.0,1.0,16,9,4,136,0,0,1
83293,1540449425.306769,82,10,7,4,53,0.0,0.0,32761.0,10240.0,0.0,0.0,0.0,0,0,0,0,0,0,1
550424,1540452655.448848,60,17,8,22,65,23.0,21897.0,0.0,0.0,0.0,0.0,0.0,0,0,0,0,0,0,0
286364,1540451586.128145,60,5,4,0,0,0.0,0.0,0.0,0.0,0.0,0.0,1.0,16,9,4,14,0,0,1
429379,1540452165.161768,60,5,4,0,0,0.0,0.0,0.0,0.0,0.0,0.0,1.0,16,9,4,190,0,0,1
259526,1540451477.424546,60,5,4,0,0,0.0,0.0,0.0,0.0,0.0,0.0,1.0,16,9,4,86,0,0,1
369236,1540451921.3955429,60,5,4,0,0,0.0,0.0,0.0,0.0,0.0,0.0,1.0,16,9,4,250,0,0,1
274030,1540451536.364385,60,5,4,0,0,0.0,0.0,0.0,0.0,0.0,0.0,1.0,16,9,4,215,0,0,1
474279,1540452346.842386,60,5,4,0,0,0.0,0.0,0.0,0.0,0.0,0.0,1.0,16,9,4,223,0,0,0
36951,1540447735.2983296,82,10,7,4,33,0.0,0.0,32761.0,10240.0,0.0,0.0,0.0,0,0,0,0,0,0,1
150852,1540451014.612794,60,5,4,0,0,0.0,0.0,0.0,0.0,0.0,0.0,1.0,16,9,4,73,0,0,0
345495,1540451825.3377671,60,10,7,4,19,5284.0,8280.0,0.0,0.0,0.0,0.0,0.0,0,0,0,0,0,0,1
206282,1540451262.7988029,60,5,4,0,0,0.0,0.0,0.0,0.0,0.0,0.0,1.0,16,9,4,66,0,0,1
166833,1540451078.283985,60,5,4,0,0,0.0,0.0,0.0,0.0,0.0,0.0,1.0,16,9,4,32,0,0,1
469151,1540452326.0233011,60,5,4,0,0,0.0,0.0,0.0,0.0,0.0,0.0,1.0,16,9,4,192,0,0,0
500202,1540452451.829632,60,5,4,0,0,0.0,0.0,0.0,0.0,0.0,0.0,1.0,16,9,4,70,0,0,1
560556,1540452696.747144,60,5,4,0,0,0.0,0.0,0.0,0.0,0.0,0.0,1.0,16,9,4,54,0,0,1
203134,1540451249.7150538,60,5,4,0,0,0.0,0.0,0.0,0.0,0.0,0.0,1.0,16,9,4,141,0,0,0
747890,1540453453.703251,60,5,4,0,0,0.0,0.0,0.0,0.0,0.0,0.0,1.0,16,9,4,61,0,0,0
156080,1540451035.538818,60,5,4,0,0,0.0,0.0,0.0,0.0,0.0,0.0,1.0,16,9,4,160,0,0,1
138611,1540450947.8009439,82,10,7,4,53,0.0,0.0,32761.0,10240.0,0.0,0.0,0.0,0,0,0,0,0,0,1
454596,1540452267.0488946,75,8,7,8,54,0.0,0.0,57896.0,53.0,0.0,0.0,0.0,0,0,0,0,0,0,1
677133,1540453168.371831,74,8,7,8,33,56930.0,443.0,0.0,0.0,0.0,0.0,0.0,0,0,0,0,0,0,1
226051,1540451342.707808,60,5,4,0,0,0.0,0.0,0.0,0.0,0.0,0.0,1.0,16,9,4,73,0,0,1
23445,1540447234.4148061,82,14,7,16,59,0.0,0.0,50861.0,10240.0,0.0,0.0,0.0,0,0,0,0,0,0,1
354086,1540451860.168128,60,5,4,0,0,0.0,0.0,0.0,0.0,0.0,0.0,1.0,16,9,4,180,0,0,1
186359,1540451182.2788868,60,5,4,0,0,0.0,0.0,0.0,0.0,0.0,0.0,1.0,16,9,4,32,0,0,1
657371,1540453088.8014042,82,10,7,4,58,0.0,0.0,32761.0,10240.0,0.0,0.0,0.0,0,0,0,0,0,0,0
653923,1540453074.7289634,60,5,4,0,0,0.0,0.0,0.0,0.0,0.0,0.0,1.0,16,9,4,184,0,0,1
135164,1540450934.293838,60,5,4,0,0,0.0,0.0,0.0,0.0,0.0,0.0,1.0,16,9,4,58,0,0,1
514260,1540452508.9677188,60,5,4,0,0,0.0,0.0,0.0,0.0,0.0,0.0,1.0,16,9,4,230,0,0,1
406165,1540452071.068742,60,5,4,0,0,0.0,0.0,0.0,0.0,0.0,0.0,1.0,16,9,4,93,0,0,1
66547,1540448814.318309,74,5,1,9,76,0.0,0.0,0.0,0.0,0.0,0.0,0.0,0,0,0,0,0,0,1
77391,1540449207.7832868,101,4,15,18,44,0.0,0.0,33982.0,53.0,3.0,0.0,0.0,0,0,0,0,0,0,0
730404,1540453383.141995,60,5,4,0,0,0.0,0.0,0.0,0.0,0.0,0.0,1.0,16,9,4,216,0,0,1
205899,1540451260.8613696,60,5,4,0,0,0.0,0.0,0.0,0.0,0.0,0.0,1.0,16,9,4,115,0,0,1
544731,1540452632.525433,60,5,4,0,0,0.0,0.0,0.0,0.0,0.0,0.0,1.0,16,9,4,145,0,0,1
512492,1540452501.929399,60,5,4,0,0,0.0,0.0,0.0,0.0,0.0,0.0,1.0,16,9,4,89,0,0,1
47817,1540448137.820125,60,10,7,4,39,8688.0,80.0,0.0,0.0,0.0,0.0,0.0,0,0,0,0,0,0,1
526907,1540452560.743439,84,15,7,19,54,0.0,0.0,2885.0,53.0,0.0,0.0,0.0,0,0,0,0,0,0,1
486364,1540452395.6899805,60,5,4,0,0,0.0,0.0,0.0,0.0,0.0,0.0,1.0,16,9,4,68,0,0,1
592515,1540452826.462033,60,5,4,0,0,0.0,0.0,0.0,0.0,0.0,0.0,1.0,16,9,4,251,0,0,1
689206,1540453217.301602,82,10,7,4,33,0.0,0.0,32761.0,10240.0,0.0,0.0,0.0,0,0,0,0,0,0,0
756863,1540453489.918605,60,5,4,0,0,0.0,0.0,0.0,0.0,0.0,0.0,1.0,16,9,4,15,0,0,1
683348,1540453193.7868721,102,4,14,18,29,59373.0,8080.0,0.0,0.0,3.0,0.0,0.0,0,0,0,0,0,0,1
324777,1540451741.712378,60,5,4,0,0,0.0,0.0,0.0,0.0,0.0,0.0,1.0,16,9,4,79,0,0,0
152325,1540451020.523169,86,4,16,18,24,6385.0,80.0,0.0,0.0,3.0,0.0,0.0,0,0,0,0,0,0,1
436920,1540452195.4966931,72,9,7,1,54,0.0,0.0,35784.0,53.0,0.0,0.0,0.0,0,0,0,0,0,0,1
257168,1540451468.1178598,60,5,4,0,0,0.0,0.0,0.0,0.0,0.0,0.0,1.0,16,9,4,119,0,0,1
606436,1540452882.8202527,82,14,7,16,53,0.0,0.0,50861.0,10240.0,0.0,0.0,0.0,0,0,0,0,0,0,0
676280,1540453164.9403732,60,5,4,0,0,0.0,0.0,0.0,0.0,0.0,0.0,1.0,16,9,4,149,0,0,1
174705,1540451110.164952,74,1,8,21,65,0.0,0.0,0.0,0.0,8.0,0.0,0.0,0,0,0,0,0,0,0
532217,1540452581.741892,60,5,4,0,0,0.0,0.0,0.0,0.0,0.0,0.0,1.0,16,9,4,228,0,0,1
348533,1540451837.4399462,60,5,4,0,0,0.0,0.0,0.0,0.0,0.0,0.0,1.0,16,9,4,253,0,0,1
675264,1540453160.7669342,60,5,4,0,0,0.0,0.0,0.0,0.0,0.0,0.0,1.0,16,9,4,68,0,0,1
522468,1540452542.2501225,60,5,4,0,0,0.0,0.0,0.0,0.0,0.0,0.0,1.0,16,9,4,233,0,0,1
164042,1540451066.937622,60,5,4,0,0,0.0,0.0,0.0,0.0,0.0,0.0,1.0,16,9,4,92,0,0,0
455520,1540452271.111276,60,5,4,0,0,0.0,0.0,0.0,0.0,0.0,0.0,1.0,16,9,4,33,0,0,1
99923,1540450044.299258,82,10,7,4,53,0.0,0.0,32761.0,10240.0,0.0,0.0,0.0,0,0,0,0,0,0,1
651921,1540453066.4748409,60,5,4,0,0,0.0,0.0,0.0,0.0,0.0,0.0,1.0,16,9,4,134,0,0,1
521548,1540452538.887826,60,5,4,0,0,0.0,0.0,0.0,0.0,0.0,0.0,1.0,16,9,4,23,0,0,0
396280,1540452031.248415,60,5,4,0,0,0.0,0.0,0.0,0.0,0.0,0.0,1.0,16,9,4,115,0,0,1
711974,1540453309.1511068,60,5,4,0,0,0.0,0.0,0.0,0.0,0.0,0.0,1.0,16,9,4,186,0,0,1
396243,1540452031.092824,82,14,7,16,69,0.0,0.0,50861.0,10240.0,0.0,0.0,0.0,0,0,0,0,0,0,1
128712,1540450897.3251429,60,5,4,0,0,0.0,0.0,0.0,0.0,0.0,0.0,1.0,16,9,4,122,0,0,0
636525,1540453004.89465,60,5,4,0,0,0.0,0.0,0.0,0.0,0.0,0.0,1.0,16,9,4,158,0,0,1
181876,1540451164.4399161,60,5,4,0,0,0.0,0.0,0.0,0.0,0.0,0.0,1.0,16,9,4,41,0,0,1
57322,1540448489.8014061,82,14,7,16,58,0.0,0.0,50861.0,10240.0,0.0,0.0,0.0,0,0,0,0,0,0,1
760375,1540453504.369616,60,5,4,0,0,0.0,0.0,0.0,0.0,0.0,0.0,1.0,16,9,4,149,0,0,0
407922,1540452078.241761,60,5,4,0,0,0.0,0.0,0.0,0.0,0.0,0.0,1.0,16,9,4,168,0,0,0
290236,1540451601.738815,60,5,4,0,0,0.0,0.0,0.0,0.0,0.0,0.0,1.0,16,9,4,67,0,0,1
78088,1540449233.040007,114,4,17,18,35,0.0,0.0,53.0,31475.0,0.0,0.0,0.0,0,0,0,0,0,0,1
402188,1540452055.280241,60,5,4,0,0,0.0,0.0,0.0,0.0,0.0,0.0,1.0,16,9,4,4,0,0,1
706699,1540453287.5433388,60,5,4,0,0,0.0,0.0,0.0,0.0,0.0,0.0,1.0,16,9,4,231,0,0,0
744699,1540453441.096982,60,5,4,0,0,0.0,0.0,0.0,0.0,0.0,0.0,1.0,16,9,4,165,0,0,1
100565,1540450067.4963448,117,4,23,18,72,0.0,0.0,53.0,4998.0,0.0,0.0,0.0,0,0,0,0,0,0,1
103767,1540450184.117767,74,8,7,8,33,54862.0,443.0,0.0,0.0,0.0,0.0,0.0,0,0,0,0,0,0,1
476261,1540452355.087021,60,5,4,0,0,0.0,0.0,0.0,0.0,0.0,0.0,1.0,16,9,4,224,0,0,1
738843,1540453417.3969688,60,5,4,0,0,0.0,0.0,0.0,0.0,0.0,0.0,1.0,16,9,4,34,0,0,1
72487,1540449026.9899642,102,4,14,18,29,32807.0,8000.0,0.0,0.0,3.0,0.0,0.0,0,0,0,0,0,0,1
24664,1540447278.827241,60,4,23,0,0,0.0,0.0,0.0,0.0,0.0,0.0,2.0,15,17,9,239,0,0,1
106062,1540450270.6386569,86,4,16,18,24,5039.0,80.0,0.0,0.0,3.0,0.0,0.0,0,0,0,0,0,0,1
639868,1540453017.626743,60,5,4,0,0,0.0,0.0,0.0,0.0,0.0,0.0,1.0,16,9,4,94,0,0,1
345830,1540451826.8376071,60,5,4,0,0,0.0,0.0,0.0,0.0,0.0,0.0,1.0,16,9,4,121,0,0,1
153784,1540451026.2888749,60,5,4,0,0,0.0,0.0,0.0,0.0,0.0,0.0,1.0,16,9,4,100,0,0,0
363948,1540451900.340959,60,5,4,0,0,0.0,0.0,0.0,0.0,0.0,0.0,1.0,16,9,4,244,0,0,1
245909,1540451422.7045689,60,5,4,0,0,0.0,0.0,0.0,0.0,0.0,0.0,1.0,16,9,4,249,0,0,0
54514,1540448386.295995,82,10,7,4,33,0.0,0.0,32761.0,10240.0,0.0,0.0,0.0,0,0,0,0,0,0,1
267998,1540451511.801777,60,5,4,0,0,0.0,0.0,0.0,0.0,0.0,0.0,1.0,16,9,4,2,0,0,1
478149,1540452362.4863331,60,5,4,0,0,0.0,0.0,0.0,0.0,0.0,0.0,1.0,16,9,4,217,0,0,1
732980,1540453393.5277061,60,5,4,0,0,0.0,0.0,0.0,0.0,0.0,0.0,1.0,16,9,4,159,0,0,1
611406,1540452903.3484132,60,5,4,0,0,0.0,0.0,0.0,0.0,0.0,0.0,1.0,16,9,4,128,0,0,1
401802,1540452054.031696,108,13,7,5,54,0.0,0.0,38399.0,53.0,0.0,0.0,0.0,0,0,0,0,0,0,1
206256,1540451262.405211,102,4,8,18,65,40213.0,80.0,0.0,0.0,3.0,0.0,0.0,0,0,0,0,0,0,1
473904,1540452345.640722,60,5,4,0,0,0.0,0.0,0.0,0.0,0.0,0.0,1.0,16,9,4,160,0,0,1
106713,1540450294.408202,82,14,7,16,69,0.0,0.0,50861.0,10240.0,0.0,0.0,0.0,0,0,0,0,0,0,1
275506,1540451542.612851,60,5,4,0,0,0.0,0.0,0.0,0.0,0.0,0.0,1.0,16,9,4,251,0,0,0
298679,1540451636.060559,60,5,4,0,0,0.0,0.0,0.0,0.0,0.0,0.0,1.0,16,9,4,139,0,0,1
161502,1540451057.449962,60,5,4,0,0,0.0,0.0,0.0,0.0,0.0,0.0,1.0,16,9,4,33,0,0,1
139705,1540450952.8804774,60,5,4,0,0,0.0,0.0,0.0,0.0,0.0,0.0,1.0,16,9,4,81,0,0,1
14355,1540446894.019231,82,14,7,16,53,0.0,0.0,50861.0,10240.0,0.0,0.0,0.0,0,0,0,0,0,0,1
10636,1540446755.3622649,86,15,7,19,54,0.0,0.0,2725.0,53.0,0.0,0.0,0.0,0,0,0,0,0,0,0
152114,1540451019.8496995,60,5,4,0,0,0.0,0.0,0.0,0.0,0.0,0.0,1.0,16,9,4,251,0,0,1
494429,1540452428.626413,60,5,4,0,0,0.0,0.0,0.0,0.0,0.0,0.0,1.0,16,9,4,241,0,0,1
451471,1540452254.5369475,60,5,4,0,0,0.0,0.0,0.0,0.0,0.0,0.0,1.0,16,9,4,165,0,0,1
757933,1540453494.3030918,82,10,7,4,59,0.0,0.0,32761.0,10240.0,0.0,0.0,0.0,0,0,0,0,0,0,1
584814,1540452794.6463401,60,5,27,9,55,21897.0,23.0,0.0,0.0,0.0,0.0,0.0,0,0,0,0,0,0,1
33272,1540447598.9096134,74,1,8,21,65,0.0,0.0,0.0,0.0,8.0,0.0,0.0,0,0,0,0,0,0,0
583458,1540452789.3688,60,5,4,0,0,0.0,0.0,0.0,0.0,0.0,0.0,1.0,16,9,4,156,0,0,1
489301,1540452407.9538908,60,5,4,0,0,0.0,0.0,0.0,0.0,0.0,0.0,1.0,16,9,4,54,0,0,1
729604,1540453379.913768,60,5,4,0,0,0.0,0.0,0.0,0.0,0.0,0.0,1.0,16,9,4,8,0,0,1
402213,1540452055.313,60,5,4,0,0,0.0,0.0,0.0,0.0,0.0,0.0,1.0,16,9,4,163,0,0,1
372183,1540451933.707824,60,5,4,0,0,0.0,0.0,0.0,0.0,0.0,0.0,1.0,16,9,4,22,0,0,1
739182,1540453419.205481,60,5,4,0,0,0.0,0.0,0.0,0.0,0.0,0.0,1.0,16,9,4,151,0,0,1
743610,1540453436.853207,60,5,4,0,0,0.0,0.0,0.0,0.0,0.0,0.0,1.0,16,9,4,153,0,0,1
517520,1540452522.344131,60,5,4,0,0,0.0,0.0,0.0,0.0,0.0,0.0,1.0,16,9,4,75,0,0,1
182022,1540451165.355881,60,5,4,0,0,0.0,0.0,0.0,0.0,0.0,0.0,1.0,16,9,4,150,0,0,1
307326,1540451671.229353,60,5,4,0,0,0.0,0.0,0.0,0.0,0.0,0.0,1.0,16,9,4,117,0,0,1
573582,1540452749.671634,60,5,4,0,0,0.0,0.0,0.0,0.0,0.0,0.0,1.0,16,9,4,27,0,0,1
651670,1540453065.3968518,60,5,4,0,0,0.0,0.0,0.0,0.0,0.0,0.0,1.0,16,9,4,143,0,0,1
658599,1540453093.441978,60,5,4,0,0,0.0,0.0,0.0,0.0,0.0,0.0,1.0,16,9,4,169,0,0,1
295212,1540451621.699498,60,5,4,0,0,0.0,0.0,0.0,0.0,0.0,0.0,1.0,16,9,4,180,0,0,1
608704,1540452892.0343351,60,5,4,0,0,0.0,0.0,0.0,0.0,0.0,0.0,1.0,16,9,4,49,0,0,1
493203,1540452423.632882,60,5,4,0,0,0.0,0.0,0.0,0.0,0.0,0.0,1.0,16,9,4,177,0,0,1
680837,1540453183.718035,60,5,4,0,0,0.0,0.0,0.0,0.0,0.0,0.0,1.0,16,9,4,41,0,0,1
267405,1540451509.534049,60,5,4,0,0,0.0,0.0,0.0,0.0,0.0,0.0,1.0,16,9,4,73,0,0,1
334996,1540451782.4459536,60,5,4,0,0,0.0,0.0,0.0,0.0,0.0,0.0,1.0,16,9,4,242,0,0,1
248409,1540451432.82903,60,5,4,0,0,0.0,0.0,0.0,0.0,0.0,0.0,1.0,16,9,4,13,0,0,1
523170,1540452545.122283,60,5,4,0,0,0.0,0.0,0.0,0.0,0.0,0.0,1.0,16,9,4,224,0,0,1
588776,1540452811.092189,60,5,4,0,0,0.0,0.0,0.0,0.0,0.0,0.0,1.0,16,9,4,100,0,0,1
493525,1540452424.7608578,60,5,4,0,0,0.0,0.0,0.0,0.0,0.0,0.0,1.0,16,9,4,193,0,0,1
518172,1540452524.64725,60,5,4,0,0,0.0,0.0,0.0,0.0,0.0,0.0,1.0,16,9,4,249,0,0,1
452144,1540452257.429759,60,5,4,0,0,0.0,0.0,0.0,0.0,0.0,0.0,1.0,16,9,4,83,0,0,1
585746,1540452798.6653721,82,9,7,1,63,0.0,0.0,55284.0,53.0,0.0,0.0,0.0,0,0,0,0,0,0,1
524802,1540452551.638371,60,5,4,0,0,0.0,0.0,0.0,0.0,0.0,0.0,1.0,16,9,4,8,0,0,1
30652,1540447502.1852765,74,8,7,8,59,48580.0,80.0,0.0,0.0,0.0,0.0,0.0,0,0,0,0,0,0,1
252482,1540451449.274771,60,5,4,0,0,0.0,0.0,0.0,0.0,0.0,0.0,1.0,16,9,4,4,0,0,1
150960,1540451014.78665,60,5,4,0,0,0.0,0.0,0.0,0.0,0.0,0.0,1.0,16,9,4,87,0,0,0
480367,1540452371.744122,60,5,4,0,0,0.0,0.0,0.0,0.0,0.0,0.0,1.0,16,9,4,33,0,0,1
590094,1540452816.232876,60,5,4,0,0,0.0,0.0,0.0,0.0,0.0,0.0,1.0,16,9,4,73,0,0,1
350037,1540451843.670726,60,5,4,0,0,0.0,0.0,0.0,0.0,0.0,0.0,1.0,16,9,4,83,0,0,1
694241,1540453237.653457,60,5,4,0,0,0.0,0.0,0.0,0.0,0.0,0.0,1.0,16,9,4,20,0,0,0
157169,1540451039.793821,60,5,4,0,0,0.0,0.0,0.0,0.0,0.0,0.0,1.0,16,9,4,237,0,0,1
527514,1540452562.91633,60,5,4,0,0,0.0,0.0,0.0,0.0,0.0,0.0,1.0,16,9,4,9,0,0,0
593255,1540452829.369758,60,4,12,0,0,0.0,0.0,0.0,0.0,0.0,0.0,2.0,15,17,8,219,0,0,1
61451,1540448635.016958,99,4,15,18,44,0.0,0.0,60081.0,53.0,3.0,0.0,0.0,0,0,0,0,0,0,1
448916,1540452244.2625148,60,5,4,0,0,0.0,0.0,0.0,0.0,0.0,0.0,1.0,16,9,4,75,0,0,1
337028,1540451790.756222,60,5,4,0,0,0.0,0.0,0.0,0.0,0.0,0.0,1.0,16,9,4,17,0,0,1
586190,1540452800.679984,60,5,4,0,0,0.0,0.0,0.0,0.0,0.0,0.0,1.0,16,9,4,137,0,0,1
115146,1540450603.153623,73,9,7,1,1,0.0,0.0,59335.0,53.0,0.0,0.0,0.0,0,0,0,0,0,0,1
406643,1540452073.1737769,60,5,4,0,0,0.0,0.0,0.0,0.0,0.0,0.0,1.0,16,9,4,27,0,0,1
63061,1540448689.298225,82,10,7,4,59,0.0,0.0,32761.0,10240.0,0.0,0.0,0.0,0,0,0,0,0,0,0
39297,1540447821.487459,74,1,8,21,65,0.0,0.0,0.0,0.0,8.0,0.0,0.0,0,0,0,0,0,0,0
442449,1540452218.2852721,60,5,4,0,0,0.0,0.0,0.0,0.0,0.0,0.0,1.0,16,9,4,207,0,0,1
650760,1540453062.154057,60,5,1,9,76,21897.0,23.0,0.0,0.0,0.0,0.0,0.0,0,0,0,0,0,0,1
691970,1540453228.4950578,60,5,4,0,0,0.0,0.0,0.0,0.0,0.0,0.0,1.0,16,9,4,180,0,0,1
487779,1540452401.7406669,60,5,4,0,0,0.0,0.0,0.0,0.0,0.0,0.0,1.0,16,9,4,114,0,0,1
430956,1540452171.5570529,60,5,4,0,0,0.0,0.0,0.0,0.0,0.0,0.0,1.0,16,9,4,152,0,0,1
210437,1540451279.5530498,60,5,4,0,0,0.0,0.0,0.0,0.0,0.0,0.0,1.0,16,9,4,190,0,0,0
391096,1540452009.800704,60,5,4,0,0,0.0,0.0,0.0,0.0,0.0,0.0,1.0,16,9,4,5,0,0,1
203817,1540451252.7051332,110,4,20,18,13,0.0,0.0,50861.0,10240.0,3.0,0.0,0.0,0,0,0,0,0,0,1
8394,1540446673.99899,73,9,7,1,54,0.0,0.0,32948.0,53.0,0.0,0.0,0.0,0,0,0,0,0,0,1
544655,1540452632.3946018,60,5,4,0,0,0.0,0.0,0.0,0.0,0.0,0.0,1.0,16,9,4,154,0,0,1
280599,1540451562.5658898,60,5,4,0,0,0.0,0.0,0.0,0.0,0.0,0.0,1.0,16,9,4,70,0,0,1
320238,1540451723.2039502,60,5,4,0,0,0.0,0.0,0.0,0.0,0.0,0.0,1.0,16,9,4,178,0,0,1
662069,1540453107.868031,60,5,4,0,0,0.0,0.0,0.0,0.0,0.0,0.0,1.0,16,9,4,83,0,0,1
67522,1540448848.869067,98,8,7,8,54,0.0,0.0,0.0,0.0,8.0,0.0,0.0,0,0,0,0,0,0,1
615914,1540452921.196194,60,5,4,0,0,0.0,0.0,0.0,0.0,0.0,0.0,1.0,16,9,4,195,0,0,0
709222,1540453297.861597,60,5,4,0,0,0.0,0.0,0.0,0.0,0.0,0.0,1.0,16,9,4,22,0,0,1
142608,1540450963.616911,60,5,4,0,0,0.0,0.0,0.0,0.0,0.0,0.0,1.0,16,9,4,177,0,0,1
306487,1540451667.348425,60,5,4,0,0,0.0,0.0,0.0,0.0,0.0,0.0,1.0,16,9,4,217,0,0,1
672176,1540453148.4320538,60,5,4,0,0,0.0,0.0,0.0,0.0,0.0,0.0,1.0,16,9,4,213,0,0,1
37220,1540447743.9842205,82,14,7,16,58,0.0,0.0,50861.0,10240.0,0.0,0.0,0.0,0,0,0,0,0,0,1
482277,1540452379.006495,60,5,4,0,0,0.0,0.0,0.0,0.0,0.0,0.0,1.0,16,9,4,118,0,0,1
513395,1540452505.723554,60,5,4,0,0,0.0,0.0,0.0,0.0,0.0,0.0,1.0,16,9,4,34,0,0,1
475434,1540452351.796113,74,14,7,16,58,43576.0,8080.0,0.0,0.0,0.0,0.0,0.0,0,0,0,0,0,0,1
339327,1540451800.118094,60,5,4,0,0,0.0,0.0,0.0,0.0,0.0,0.0,1.0,16,9,4,246,0,0,1
736292,1540453406.963425,60,5,4,0,0,0.0,0.0,0.0,0.0,0.0,0.0,1.0,16,9,4,211,0,0,1
282230,1540451569.2196748,82,14,7,16,3,0.0,0.0,50861.0,10240.0,0.0,0.0,0.0,0,0,0,0,0,0,1
625073,1540452958.349782,60,5,4,0,0,0.0,0.0,0.0,0.0,0.0,0.0,1.0,16,9,4,243,0,0,1
208131,1540451270.159518,60,5,4,0,0,0.0,0.0,0.0,0.0,0.0,0.0,1.0,16,9,4,114,0,0,1
521625,1540452539.0148268,60,5,4,0,0,0.0,0.0,0.0,0.0,0.0,0.0,1.0,16,9,4,199,0,0,0
41626,1540447908.279036,117,15,7,19,54,0.0,0.0,3518.0,53.0,0.0,0.0,0.0,0,0,0,0,0,0,1
86127,1540449529.385689,72,15,7,19,54,0.0,0.0,4636.0,53.0,0.0,0.0,0.0,0,0,0,0,0,0,1
248443,1540451432.889958,60,5,4,0,0,0.0,0.0,0.0,0.0,0.0,0.0,1.0,16,9,4,236,0,0,1
578270,1540452768.525298,60,5,4,0,0,0.0,0.0,0.0,0.0,0.0,0.0,1.0,16,9,4,192,0,0,1
510427,1540452493.456743,60,5,4,0,0,0.0,0.0,0.0,0.0,0.0,0.0,1.0,16,9,4,209,0,0,1
245896,1540451422.679051,60,5,4,0,0,0.0,0.0,0.0,0.0,0.0,0.0,1.0,16,9,4,253,0,0,1
188508,1540451191.3742778,74,14,7,16,58,43000.0,8080.0,0.0,0.0,0.0,0.0,0.0,0,0,0,0,0,0,1
43950,1540447993.7989402,82,10,7,4,59,0.0,0.0,32761.0,10240.0,0.0,0.0,0.0,0,0,0,0,0,0,1
184184,1540451173.815336,60,5,4,0,0,0.0,0.0,0.0,0.0,0.0,0.0,1.0,16,9,4,243,0,0,1
728354,1540453375.3016288,82,10,7,4,59,0.0,0.0,32761.0,10240.0,0.0,0.0,0.0,0,0,0,0,0,0,1
95332,1540449870.472612,84,15,7,19,54,0.0,0.0,4866.0,53.0,0.0,0.0,0.0,0,0,0,0,0,0,1
717407,1540453331.0047526,60,2,5,0,0,0.0,0.0,0.0,0.0,0.0,0.0,0.0,0,0,0,0,0,0,1
674688,1540453158.719813,60,5,4,0,0,0.0,0.0,0.0,0.0,0.0,0.0,1.0,16,9,4,75,0,0,1
191649,1540451203.955225,60,5,4,0,0,0.0,0.0,0.0,0.0,0.0,0.0,1.0,16,9,4,113,0,0,1
756990,1540453490.8213544,60,5,4,0,0,0.0,0.0,0.0,0.0,0.0,0.0,1.0,16,9,4,159,0,0,1
646267,1540453043.6297581,60,5,4,0,0,0.0,0.0,0.0,0.0,0.0,0.0,1.0,16,9,4,243,0,0,1
689452,1540453218.1831582,74,14,7,16,21,57657.0,80.0,0.0,0.0,0.0,0.0,0.0,0,0,0,0,0,0,1
706304,1540453286.26983,60,5,4,0,0,0.0,0.0,0.0,0.0,0.0,0.0,1.0,16,9,4,231,0,0,1
519084,1540452528.54865,60,5,4,0,0,0.0,0.0,0.0,0.0,0.0,0.0,1.0,16,9,4,99,0,0,1
645934,1540453042.5223188,60,5,29,9,4,21897.0,23.0,0.0,0.0,0.0,0.0,0.0,0,0,0,0,0,0,0
748694,1540453456.8042688,60,5,4,0,0,0.0,0.0,0.0,0.0,0.0,0.0,1.0,16,9,4,120,0,0,1
205126,1540451257.818384,76,8,7,8,54,0.0,0.0,41916.0,53.0,0.0,0.0,0.0,0,0,0,0,0,0,1
341882,1540451810.990298,86,4,16,18,24,5797.0,8280.0,0.0,0.0,3.0,0.0,0.0,0,0,0,0,0,0,1
758773,1540453498.095885,60,5,4,0,0,0.0,0.0,0.0,0.0,0.0,0.0,1.0,16,9,4,19,0,0,1
91684,1540449736.682251,101,4,15,18,44,0.0,0.0,35534.0,53.0,3.0,0.0,0.0,0,0,0,0,0,0,1
144186,1540450984.652074,60,9,4,0,0,0.0,0.0,0.0,0.0,0.0,0.0,1.0,1,1,4,167,0,0,1
276074,1540451544.7711751,60,5,4,0,0,0.0,0.0,0.0,0.0,0.0,0.0,1.0,16,9,4,212,0,0,1
612264,1540452906.559865,60,5,4,0,0,0.0,0.0,0.0,0.0,0.0,0.0,1.0,16,9,4,33,0,0,1
525833,1540452555.853981,60,5,4,0,0,0.0,0.0,0.0,0.0,0.0,0.0,1.0,16,9,4,144,0,0,1
37530,1540447755.5896802,111,4,8,18,65,0.0,0.0,47568.0,53.0,3.0,0.0,0.0,0,0,0,0,0,0,0
565186,1540452715.44237,60,5,4,0,0,0.0,0.0,0.0,0.0,0.0,0.0,1.0,16,9,4,217,0,0,0
180245,1540451158.0157788,60,5,4,0,0,0.0,0.0,0.0,0.0,0.0,0.0,1.0,16,9,4,191,0,0,1
92590,1540449767.816136,74,14,7,16,53,41686.0,443.0,0.0,0.0,0.0,0.0,0.0,0,0,0,0,0,0,1
39221,1540447818.328288,102,4,20,18,13,48814.0,80.0,0.0,0.0,3.0,0.0,0.0,0,0,0,0,0,0,1
214351,1540451295.2295196,60,5,4,0,0,0.0,0.0,0.0,0.0,0.0,0.0,1.0,16,9,4,67,0,0,0
316892,1540451709.72082,60,5,4,0,0,0.0,0.0,0.0,0.0,0.0,0.0,1.0,16,9,4,183,0,0,1
620386,1540452938.9177759,60,5,4,0,0,0.0,0.0,0.0,0.0,0.0,0.0,1.0,16,9,4,111,0,0,1
717384,1540453330.977249,60,5,4,0,0,0.0,0.0,0.0,0.0,0.0,0.0,1.0,16,9,4,123,0,0,1
104259,1540450202.261111,74,14,7,16,58,42519.0,8080.0,0.0,0.0,0.0,0.0,0.0,0,0,0,0,0,0,1
260477,1540451481.4584026,60,5,4,0,0,0.0,0.0,0.0,0.0,0.0,0.0,1.0,16,9,4,130,0,0,1
230879,1540451362.220162,60,5,4,0,0,0.0,0.0,0.0,0.0,0.0,0.0,1.0,16,9,4,76,0,0,1
205031,1540451257.6688988,60,5,4,0,0,0.0,0.0,0.0,0.0,0.0,0.0,1.0,16,9,4,55,0,0,0
60342,1540448594.797985,82,10,7,4,33,0.0,0.0,32761.0,10240.0,0.0,0.0,0.0,0,0,0,0,0,0,1
713232,1540453314.351537,60,5,4,0,0,0.0,0.0,0.0,0.0,0.0,0.0,1.0,16,9,4,177,0,0,1
274431,1540451537.706744,60,5,4,0,0,0.0,0.0,0.0,0.0,0.0,0.0,1.0,16,9,4,169,0,0,1
368762,1540451919.40913,60,5,4,0,0,0.0,0.0,0.0,0.0,0.0,0.0,1.0,16,9,4,112,0,0,1
97246,1540449940.927131,102,4,20,18,13,41771.0,443.0,0.0,0.0,3.0,0.0,0.0,0,0,0,0,0,0,1
653028,1540453071.3998249,60,5,4,0,0,0.0,0.0,0.0,0.0,0.0,0.0,1.0,16,9,4,180,0,0,1
735731,1540453404.8604288,60,5,4,0,0,0.0,0.0,0.0,0.0,0.0,0.0,1.0,16,9,4,172,0,0,1
98942,1540450006.299418,110,4,16,18,24,0.0,0.0,32761.0,10240.0,3.0,0.0,0.0,0,0,0,0,0,0,1
316650,1540451708.783358,60,5,4,0,0,0.0,0.0,0.0,0.0,0.0,0.0,1.0,16,9,4,218,0,0,1
506205,1540452476.505984,60,5,4,0,0,0.0,0.0,0.0,0.0,0.0,0.0,1.0,16,9,4,154,0,0,1
756261,1540453487.7728539,60,5,4,0,0,0.0,0.0,0.0,0.0,0.0,0.0,1.0,16,9,4,82,0,0,1
434759,1540452186.990241,60,5,4,0,0,0.0,0.0,0.0,0.0,0.0,0.0,1.0,16,9,4,35,0,0,1
374276,1540451942.1021671,60,5,4,0,0,0.0,0.0,0.0,0.0,0.0,0.0,1.0,16,9,4,183,0,0,1
381459,1540451971.1463606,60,5,4,0,0,0.0,0.0,0.0,0.0,0.0,0.0,1.0,16,9,4,237,0,0,1
603228,1540452870.075185,60,5,4,0,0,0.0,0.0,0.0,0.0,0.0,0.0,1.0,16,9,4,252,0,0,1
76374,1540449167.801701,71,5,7,9,63,0.0,0.0,52337.0,53.0,0.0,0.0,0.0,0,0,0,0,0,0,0
305228,1540451662.4469314,60,17,8,22,65,23.0,21897.0,0.0,0.0,0.0,0.0,0.0,0,0,0,0,0,0,1
170791,1540451094.619693,60,5,4,0,0,0.0,0.0,0.0,0.0,0.0,0.0,1.0,16,9,4,154,0,0,1
364739,1540451903.592084,60,5,4,0,0,0.0,0.0,0.0,0.0,0.0,0.0,1.0,16,9,4,179,0,0,1
238575,1540451393.368097,60,5,4,0,0,0.0,0.0,0.0,0.0,0.0,0.0,1.0,16,9,4,32,0,0,1
24487,1540447271.4340534,84,15,7,19,54,0.0,0.0,3098.0,53.0,0.0,0.0,0.0,0,0,0,0,0,0,0
238013,1540451391.182591,60,5,4,0,0,0.0,0.0,0.0,0.0,0.0,0.0,1.0,16,9,4,113,0,0,1
642673,1540453029.166586,60,5,4,0,0,0.0,0.0,0.0,0.0,0.0,0.0,1.0,16,9,4,180,0,0,1
761206,1540453507.521455,60,5,4,0,0,0.0,0.0,0.0,0.0,0.0,0.0,1.0,16,9,4,36,0,0,1
355775,1540451867.1176536,60,5,4,0,0,0.0,0.0,0.0,0.0,0.0,0.0,1.0,16,9,4,59,0,0,1
714465,1540453318.8583848,60,5,4,0,0,0.0,0.0,0.0,0.0,0.0,0.0,1.0,16,9,4,144,0,0,0
681921,1540453187.871302,60,5,4,0,0,0.0,0.0,0.0,0.0,0.0,0.0,1.0,16,9,4,162,0,0,1
655048,1540453079.7015972,60,5,4,0,0,0.0,0.0,0.0,0.0,0.0,0.0,1.0,16,9,4,96,0,0,1
726065,1540453365.8026614,82,10,7,4,33,0.0,0.0,32761.0,10240.0,0.0,0.0,0.0,0,0,0,0,0,0,1
88341,1540449609.7735012,60,14,7,0,0,0.0,0.0,0.0,0.0,0.0,0.0,2.0,17,16,14,173,0,0,1
718686,1540453336.1475651,60,5,4,0,0,0.0,0.0,0.0,0.0,0.0,0.0,1.0,16,9,4,161,0,0,1
30075,1540447479.6167223,74,1,8,21,65,0.0,0.0,0.0,0.0,8.0,0.0,0.0,0,0,0,0,0,0,1
35535,1540447682.9784508,74,5,1,9,76,0.0,0.0,0.0,0.0,0.0,0.0,0.0,0,0,0,0,0,0,1
244072,1540451415.2706964,60,5,4,0,0,0.0,0.0,0.0,0.0,0.0,0.0,1.0,16,9,4,102,0,0,1
613696,1540452911.8020241,60,4,8,18,65,23.0,21897.0,0.0,0.0,0.0,0.0,0.0,0,0,0,0,0,0,0
609062,1540452893.2259068,60,5,4,0,0,0.0,0.0,0.0,0.0,0.0,0.0,1.0,16,9,4,47,0,0,1
690870,1540453224.226665,60,5,4,0,0,0.0,0.0,0.0,0.0,0.0,0.0,1.0,16,9,4,127,0,0,1
265200,1540451500.2374866,60,5,4,0,0,0.0,0.0,0.0,0.0,0.0,0.0,1.0,16,9,4,27,0,0,1
358111,1540451876.557322,60,5,4,0,0,0.0,0.0,0.0,0.0,0.0,0.0,1.0,16,9,4,202,0,0,1
693114,1540453233.411533,60,5,4,0,0,0.0,0.0,0.0,0.0,0.0,0.0,1.0,16,9,4,130,0,0,1
620283,1540452938.762111,60,5,4,0,0,0.0,0.0,0.0,0.0,0.0,0.0,1.0,16,9,4,93,0,0,1
513517,1540452505.9026976,60,5,4,0,0,0.0,0.0,0.0,0.0,0.0,0.0,1.0,16,9,4,249,0,0,1
387530,1540451995.960897,60,5,4,0,0,0.0,0.0,0.0,0.0,0.0,0.0,1.0,16,9,4,12,0,0,1
3912,1540446518.8797526,84,15,7,19,54,0.0,0.0,2534.0,53.0,0.0,0.0,0.0,0,0,0,0,0,0,1
145792,1540450994.0551386,82,9,7,1,63,0.0,0.0,35929.0,53.0,0.0,0.0,0.0,0,0,0,0,0,0,1
430602,1540452170.3148909,60,5,4,0,0,0.0,0.0,0.0,0.0,0.0,0.0,1.0,16,9,4,176,0,0,1
301066,1540451645.576576,60,5,4,0,0,0.0,0.0,0.0,0.0,0.0,0.0,1.0,16,9,4,218,0,0,0
60803,1540448612.269331,82,14,7,16,3,0.0,0.0,50861.0,10240.0,0.0,0.0,0.0,0,0,0,0,0,0,1
658065,1540453091.3165011,60,5,4,0,0,0.0,0.0,0.0,0.0,0.0,0.0,1.0,16,9,4,1,0,0,1
595602,1540452838.852139,60,5,4,0,0,0.0,0.0,0.0,0.0,0.0,0.0,1.0,16,9,4,166,0,0,1
537159,1540452602.212322,60,5,4,0,0,0.0,0.0,0.0,0.0,0.0,0.0,1.0,16,9,4,189,0,0,1
205042,1540451257.685231,60,5,4,0,0,0.0,0.0,0.0,0.0,0.0,0.0,1.0,16,9,4,7,0,0,1
750747,1540453465.294322,60,5,4,0,0,0.0,0.0,0.0,0.0,0.0,0.0,1.0,16,9,4,141,0,0,0
617778,1540452928.4862812,60,5,4,0,0,0.0,0.0,0.0,0.0,0.0,0.0,1.0,16,9,4,12,0,0,1
470343,1540452331.0985742,60,5,4,0,0,0.0,0.0,0.0,0.0,0.0,0.0,1.0,16,9,4,162,0,0,1
253305,1540451452.530571,60,5,4,0,0,0.0,0.0,0.0,0.0,0.0,0.0,1.0,16,9,4,21,0,0,1
146782,1540450998.082766,60,5,4,0,0,0.0,0.0,0.0,0.0,0.0,0.0,1.0,16,9,4,51,0,0,1
520325,1540452533.7990088,60,5,4,0,0,0.0,0.0,0.0,0.0,0.0,0.0,1.0,16,9,4,163,0,0,1
331977,1540451770.7564766,60,5,4,0,0,0.0,0.0,0.0,0.0,0.0,0.0,1.0,16,9,4,54,0,0,1
466409,1540452314.8021572,82,10,7,4,59,0.0,0.0,32761.0,10240.0,0.0,0.0,0.0,0,0,0,0,0,0,1
625332,1540452959.4733136,60,5,4,0,0,0.0,0.0,0.0,0.0,0.0,0.0,1.0,16,9,4,23,0,0,1
34429,1540447641.3934042,80,6,7,11,54,0.0,0.0,53729.0,53.0,0.0,0.0,0.0,0,0,0,0,0,0,1
94572,1540449842.720361,74,8,7,8,53,49478.0,443.0,0.0,0.0,0.0,0.0,0.0,0,0,0,0,0,0,1
485576,1540452392.5854578,60,5,4,0,0,0.0,0.0,0.0,0.0,0.0,0.0,1.0,16,9,4,70,0,0,1
286537,1540451586.552785,74,5,1,9,76,0.0,0.0,0.0,0.0,0.0,0.0,0.0,0,0,0,0,0,0,1
177844,1540451147.944216,60,5,4,0,0,0.0,0.0,0.0,0.0,0.0,0.0,1.0,16,9,4,116,0,0,1
483467,1540452384.159248,60,5,4,0,0,0.0,0.0,0.0,0.0,0.0,0.0,1.0,16,9,4,133,0,0,1
463069,1540452301.232529,60,5,4,0,0,0.0,0.0,0.0,0.0,0.0,0.0,1.0,16,9,4,158,0,0,1
569665,1540452734.071897,60,5,4,0,0,0.0,0.0,0.0,0.0,0.0,0.0,1.0,16,9,4,96,0,0,1
220778,1540451321.064256,60,4,8,18,65,23.0,21897.0,0.0,0.0,0.0,0.0,0.0,0,0,0,0,0,0,1
529754,1540452572.204924,60,5,4,0,0,0.0,0.0,0.0,0.0,0.0,0.0,1.0,16,9,4,170,0,0,1
544283,1540452630.6044948,60,5,4,0,0,0.0,0.0,0.0,0.0,0.0,0.0,1.0,16,9,4,187,0,0,1
667201,1540453128.6534722,60,5,4,0,0,0.0,0.0,0.0,0.0,0.0,0.0,1.0,16,9,4,156,0,0,1
461019,1540452293.390698,75,16,7,14,54,0.0,0.0,53652.0,53.0,0.0,0.0,0.0,0,0,0,0,0,0,1
356067,1540451868.1890829,60,5,4,0,0,0.0,0.0,0.0,0.0,0.0,0.0,1.0,16,9,4,155,0,0,0
469340,1540452326.943179,60,5,4,0,0,0.0,0.0,0.0,0.0,0.0,0.0,1.0,16,9,4,240,0,0,1
417136,1540452115.514555,60,5,4,0,0,0.0,0.0,0.0,0.0,0.0,0.0,1.0,16,9,4,21,0,0,1
613230,1540452909.882139,60,5,4,0,0,0.0,0.0,0.0,0.0,0.0,0.0,1.0,16,9,4,250,0,0,0
757583,1540453492.96016,60,5,4,0,0,0.0,0.0,0.0,0.0,0.0,0.0,1.0,16,9,4,134,0,0,1
553793,1540452669.611518,60,5,4,0,0,0.0,0.0,0.0,0.0,0.0,0.0,1.0,16,9,4,129,0,0,1
136273,1540450938.4905381,60,5,4,0,0,0.0,0.0,0.0,0.0,0.0,0.0,1.0,16,9,4,144,0,0,1
520143,1540452532.831414,60,5,4,0,0,0.0,0.0,0.0,0.0,0.0,0.0,1.0,16,9,4,89,0,0,1
690159,1540453221.129416,74,14,7,16,68,46024.0,80.0,0.0,0.0,0.0,0.0,0.0,0,0,0,0,0,0,1
372890,1540451936.7114868,60,5,4,0,0,0.0,0.0,0.0,0.0,0.0,0.0,1.0,16,9,4,62,0,0,1
685865,1540453204.363837,60,5,4,0,0,0.0,0.0,0.0,0.0,0.0,0.0,1.0,16,9,4,30,0,0,1
86997,1540449559.892949,74,4,12,18,67,0.0,0.0,11181.0,32100.0,3.0,0.0,0.0,0,0,0,0,0,0,0
469207,1540452326.1219642,60,5,4,0,0,0.0,0.0,0.0,0.0,0.0,0.0,1.0,16,9,4,187,0,0,1
237463,1540451388.3700442,60,5,4,0,0,0.0,0.0,0.0,0.0,0.0,0.0,1.0,16,9,4,154,0,0,1
415530,1540452109.2144608,60,5,4,0,0,0.0,0.0,0.0,0.0,0.0,0.0,1.0,16,9,4,75,0,0,1
385191,1540451986.5219398,60,5,4,0,0,0.0,0.0,0.0,0.0,0.0,0.0,1.0,16,9,4,117,0,0,1
97799,1540449962.2211652,74,14,7,16,11,35673.0,443.0,0.0,0.0,0.0,0.0,0.0,0,0,0,0,0,0,1
448595,1540452243.11148,60,5,4,0,0,0.0,0.0,0.0,0.0,0.0,0.0,1.0,16,9,4,236,0,0,1
679749,1540453179.469556,60,5,4,0,0,0.0,0.0,0.0,0.0,0.0,0.0,1.0,16,9,4,128,0,0,1
711662,1540453307.8016932,82,10,7,4,59,0.0,0.0,32761.0,10240.0,0.0,0.0,0.0,0,0,0,0,0,0,0
167713,1540451082.2876532,60,5,4,0,0,0.0,0.0,0.0,0.0,0.0,0.0,1.0,16,9,4,179,0,0,0
94480,1540449839.128234,82,14,7,16,69,0.0,0.0,50861.0,10240.0,0.0,0.0,0.0,0,0,0,0,0,0,1
723733,1540453356.1431706,60,5,4,0,0,0.0,0.0,0.0,0.0,0.0,0.0,1.0,16,9,4,2,0,0,1
232268,1540451367.489526,60,5,4,0,0,0.0,0.0,0.0,0.0,0.0,0.0,1.0,16,9,4,17,0,0,1
332619,1540451773.032728,60,5,4,0,0,0.0,0.0,0.0,0.0,0.0,0.0,1.0,16,9,4,147,0,0,1
707574,1540453291.0950851,74,14,7,16,68,46061.0,80.0,0.0,0.0,0.0,0.0,0.0,0,0,0,0,0,0,1
632202,1540452987.278767,60,5,4,0,0,0.0,0.0,0.0,0.0,0.0,0.0,1.0,16,9,4,205,0,0,1
234549,1540451376.7678552,60,5,4,0,0,0.0,0.0,0.0,0.0,0.0,0.0,1.0,16,9,4,57,0,0,1
487111,1540452398.7645226,60,5,4,0,0,0.0,0.0,0.0,0.0,0.0,0.0,1.0,16,9,4,217,0,0,1
57584,1540448496.7979422,82,10,7,4,58,0.0,0.0,32761.0,10240.0,0.0,0.0,0.0,0,0,0,0,0,0,1
521097,1540452536.8916562,60,5,4,0,0,0.0,0.0,0.0,0.0,0.0,0.0,1.0,16,9,4,104,0,0,1
316701,1540451708.900132,60,5,4,0,0,0.0,0.0,0.0,0.0,0.0,0.0,1.0,16,9,4,248,0,0,1
580307,1540452776.817086,60,17,8,22,65,23.0,21897.0,0.0,0.0,0.0,0.0,0.0,0,0,0,0,0,0,1
542200,1540452622.2867718,118,4,12,18,67,0.0,0.0,13382.0,32100.0,3.0,0.0,0.0,0,0,0,0,0,0,1
621672,1540452944.1402302,60,5,4,0,0,0.0,0.0,0.0,0.0,0.0,0.0,1.0,16,9,4,206,0,0,1
130237,1540450903.614856,60,5,4,0,0,0.0,0.0,0.0,0.0,0.0,0.0,1.0,16,9,4,217,0,0,1
401744,1540452053.395385,60,5,4,0,0,0.0,0.0,0.0,0.0,0.0,0.0,1.0,16,9,4,223,0,0,1
114924,1540450594.3000329,86,3,7,20,54,0.0,0.0,1757.0,53.0,0.0,0.0,0.0,0,0,0,0,0,0,1
93785,1540449814.8265011,82,14,7,16,33,0.0,0.0,50861.0,10240.0,0.0,0.0,0.0,0,0,0,0,0,0,1
498532,1540452445.358475,60,5,4,0,0,0.0,0.0,0.0,0.0,0.0,0.0,1.0,16,9,4,38,0,0,1
422887,1540452139.1266198,60,5,4,0,0,0.0,0.0,0.0,0.0,0.0,0.0,1.0,16,9,4,15,0,0,1
485274,1540452391.581235,60,5,4,0,0,0.0,0.0,0.0,0.0,0.0,0.0,1.0,16,9,4,85,0,0,1
477589,1540452360.3133652,60,5,4,0,0,0.0,0.0,0.0,0.0,0.0,0.0,1.0,16,9,4,233,0,0,0
183886,1540451172.664469,60,5,4,0,0,0.0,0.0,0.0,0.0,0.0,0.0,1.0,16,9,4,23,0,0,1
744834,1540453441.30277,60,5,4,0,0,0.0,0.0,0.0,0.0,0.0,0.0,1.0,16,9,4,249,0,0,1
18412,1540447045.298383,82,10,7,4,69,0.0,0.0,32761.0,10240.0,0.0,0.0,0.0,0,0,0,0,0,0,1
579803,1540452774.763314,60,5,4,0,0,0.0,0.0,0.0,0.0,0.0,0.0,1.0,16,9,4,181,0,0,0
509977,1540452492.0952961,60,5,4,0,0,0.0,0.0,0.0,0.0,0.0,0.0,1.0,16,9,4,128,0,0,1
121888,1540450851.046437,74,5,7,9,17,40152.0,80.0,0.0,0.0,0.0,0.0,0.0,0,0,0,0,0,0,1
606899,1540452884.803513,82,10,7,4,58,0.0,0.0,32761.0,10240.0,0.0,0.0,0.0,0,0,0,0,0,0,1
88657,1540449621.3041961,86,4,16,18,24,38898.0,80.0,0.0,0.0,3.0,0.0,0.0,0,0,0,0,0,0,1
118299,1540450720.531736,74,5,1,9,76,0.0,0.0,0.0,0.0,0.0,0.0,0.0,0,0,0,0,0,0,1
163346,1540451064.5118868,60,5,4,0,0,0.0,0.0,0.0,0.0,0.0,0.0,1.0,16,9,4,118,0,0,1
14491,1540446897.04629,74,14,7,16,58,40886.0,8080.0,0.0,0.0,0.0,0.0,0.0,0,0,0,0,0,0,1
270884,1540451523.250271,60,17,8,22,65,23.0,21897.0,0.0,0.0,0.0,0.0,0.0,0,0,0,0,0,0,1
547216,1540452642.7617939,60,5,4,0,0,0.0,0.0,0.0,0.0,0.0,0.0,1.0,16,9,4,8,0,0,1
721118,1540453345.7417474,60,5,4,0,0,0.0,0.0,0.0,0.0,0.0,0.0,1.0,16,9,4,134,0,0,1
552766,1540452665.442211,60,5,4,0,0,0.0,0.0,0.0,0.0,0.0,0.0,1.0,16,9,4,156,0,0,0
